Order,Image name,Plot ID,Block,Caging,Fertilized,Comb treatment,Front/back,Coral species,Coral ID,Parent colony,Coral Area,Turf area,Tissue loss,Prop turf overgrowth,Prop mortality,Prop overgrowth or mortality,,,,,,,,
1,1C back,1C,1,Uncaged,Unfertilized,Control,Back,Acropora,AP-8-C,AP-8,7.736,0,0,0,0,0,,,,,,,,3000
2,1C back,1C,1,Uncaged,Unfertilized,Control,Back,Porites,PR-2-C,PR-2,12.104,0.395,0,0.03263384,0,0.03263384,,,,,,,,
3,1C front,1C,1,Uncaged,Unfertilized,Control,Front,Acropora,AP-8-C,AP-8,8.775,0,0,0,0,0,,,,,,,,
4,1C front,1C,1,Uncaged,Unfertilized,Control,Front,Porites,PR-2-C,PR-2,11.127,0.895,0,0.080434978,0,0.080434978,,,,,,,,
5,1H back,1H,1,Caged,Unfertilized,Caged,Back,Acropora,AP-7-H,AP-7,11.878,0,0,0,0,0,,,,,,,,
6,1H back,1H,1,Caged,Unfertilized,Caged,Back,Porites,PR-1-H,PR-1,17.944,1.439,0,0.080193937,0,0.080193937,,,,,,,,
7,1H front,1H,1,Caged,Unfertilized,Caged,Front,Acropora,AP-7-H,AP-7,9.735,0.261,0,0.026810478,0,0.026810478,,,,,,,,
8,1H front,1H,1,Caged,Unfertilized,Caged,Front,Porites,PR-1-H,PR-1,20.111,5.188,1.622,0.257968276,0.080652379,0.338620655,,,,,,,,
9,1N back,1N,1,Uncaged,Fertilized,Fertilized,Back,Acropora,AP-12-N,AP-12,7.448,0,0,0,0,0,,,,,,,,
10,1N back,1N,1,Uncaged,Fertilized,Fertilized,Back,Porites,PR-12-N,PR-12,13.89,3.213,0,0.231317495,0,0.231317495,,,,,,,,
11,1N front,1N,1,Uncaged,Fertilized,Fertilized,Front,Acropora,AP-12-N,AP-12,5.811,0,0,0,0,0,,,,,,,,
12,1N front,1N,1,Uncaged,Fertilized,Fertilized,Front,Porites,PR-12-N,PR-12,8.994,1.538,0,0.171002891,0,0.171002891,,,,,,,,
13,1X back,1X,1,Caged,Fertilized,Caged x Fertilized,Back,Acropora,AP-10-X,AP-10,17.702,0.195,0,0.011015704,0,0.011015704,,,,,,,,
14,1X back,1X,1,Caged,Fertilized,Caged x Fertilized,Back,Porites,PR-1-X,PR-1,15.437,2.062,1.185,0.133575177,0.07676362,0.210338796,,,,,,,,
15,1X front,1X,1,Caged,Fertilized,Caged x Fertilized,Front,Acropora,AP-10-X,AP-10,12.492,0.205,0,0.016410503,0,0.016410503,,,,,,,,
16,1X front,1X,1,Caged,Fertilized,Caged x Fertilized,Front,Porites,PR-1-X,PR-1,12.988,4.765,0.468,0.366877117,0.036033261,0.402910379,,,,,,,,
17,2C back,2C,2,Uncaged,Unfertilized,Control,Back,Acropora,AP-1-C,AP-1,3.926,0,0,0,0,0,,,,,,,,
18,2C back,2C,2,Uncaged,Unfertilized,Control,Back,Porites,PR-6-C,PR-6,13.351,1.011,0,0.075724665,0,0.075724665,,,,,,,,
19,2C front,2C,2,Uncaged,Unfertilized,Control,Front,Acropora,AP-1-C,AP-1,5.176,0,0,0,0,0,,,,,,,,
20,2C front,2C,2,Uncaged,Unfertilized,Control,Front,Porites,PR-6-C,PR-6,13.289,0.577,0,0.043419369,0,0.043419369,,,,,,,,
21,2H back,2H,2,Caged,Unfertilized,Caged,Back,Acropora,AP-2-H,AP-2,10.327,0,0,0,0,0,,,,,,,,
22,2H back,2H,2,Caged,Unfertilized,Caged,Back,Porites,PR-11-H,PR-11,22.263,3.055,1.064,0.137223195,0.047792301,0.185015497,,,,,,,,
23,2H front,2H,2,Caged,Unfertilized,Caged,Front,Acropora,AP-2-H,AP-2,5.677,0,0,0,0,0,,,,,,,,
24,2H front,2H,2,Caged,Unfertilized,Caged,Front,Porites,PR-11-H,PR-11,13.037,2.07,1.566,0.15877886,0.120119659,0.27889852,,,,,,,,
25,2N back,2N,2,Uncaged,Fertilized,Fertilized,Back,Acropora,AP-6-N,AP-6,8.827,0,0,0,0,0,,,,,,,,
26,2N back,2N,2,Uncaged,Fertilized,Fertilized,Back,Porites,PR-3-N,PR-3,18.001,0,0,0,0,0,,,,,,,,
27,2N front,2N,2,Uncaged,Fertilized,Fertilized,Front,Acropora,AP-6-N,AP-6,7.837,0,0,0,0,0,,,,,,,,
28,2N front,2N,2,Uncaged,Fertilized,Fertilized,Front,Porites,PR-3-N,PR-3,23.523,2.51,1.906,0.106704077,0.08102708,0.187731157,,,,,,,,
29,2X back,2X,2,Caged,Fertilized,Caged x Fertilized,Back,Acropora,AP-1-X,AP-1,12.29,0,0,0,0,0,,,,,,,,
30,2X back,2X,2,Caged,Fertilized,Caged x Fertilized,Back,Porites,PR-5-X,PR-5,19.982,10.357,0,0.518316485,0,0.518316485,,,,,,,,
31,2X front,2X,2,Caged,Fertilized,Caged x Fertilized,Front,Acropora,AP-1-X,AP-1,9.729,0.377,0,0.038750128,0,0.038750128,,,,,,,,
32,2X front,2X,2,Caged,Fertilized,Caged x Fertilized,Front,Porites,PR-5-X,PR-5,19.632,9.924,0,0.505501223,0,0.505501223,,,,,,,,
33,3C back,3C,3,Uncaged,Unfertilized,Control,Back,Acropora,AP-4-C,AP-4,8.291,0,0,0,0,0,,,,,,,,
34,3C back,3C,3,Uncaged,Unfertilized,Control,Back,Porites,PR-5-C,PR-5,11.307,0.739,0,0.065357743,0,0.065357743,,,,,,,,
35,3C front,3C,3,Uncaged,Unfertilized,Control,Front,Acropora,AP-4-C,AP-4,12.243,0,0,0,0,0,,,,,,,,
36,3C front,3C,3,Uncaged,Unfertilized,Control,Front,Porites,PR-5-C,PR-5,17.257,0.688,0,0.03986788,0,0.03986788,,,,,,,,
37,3H back,3H,3,Caged,Unfertilized,Caged,Back,Acropora,AP-5-H,AP-5,8.014,0,0,0,0,0,,,,,,,,
38,3H back,3H,3,Caged,Unfertilized,Caged,Back,Porites,PR-8-H,PR-8,25.945,9.074,0,0.349739834,0,0.349739834,,,,,,,,
39,3H front,3H,3,Caged,Unfertilized,Caged,Front,Acropora,AP-5-H,AP-5,8.529,0,0,0,0,0,,,,,,,,
40,3H front,3H,3,Caged,Unfertilized,Caged,Front,Porites,PR-8-H,PR-8,17.711,9.166,0,0.517531478,0,0.517531478,,,,,,,,
41,3N back,3N,3,Uncaged,Fertilized,Fertilized,Back,Acropora,AP-4-N,AP-4,8.117,0,0,0,0,0,,,,,,,,
42,3N back,3N,3,Uncaged,Fertilized,Fertilized,Back,Porites,PR-7-N,PR-7,10.785,0.827,0,0.076680575,0,0.076680575,,,,,,,,
43,3N front,3N,3,Uncaged,Fertilized,Fertilized,Front,Acropora,AP-4-N,AP-4,9.506,0.142,0,0.014937934,0,0.014937934,,,,,,,,
44,3N front,3N,3,Uncaged,Fertilized,Fertilized,Front,Porites,PR-7-N,PR-7,20.348,7.064,0,0.347159426,0,0.347159426,,,,,,,,
45,3X back,3X,3,Caged,Fertilized,Caged x Fertilized,Back,Acropora,AP-12-X,AP-12,15.006,0.229,0,0.015260562,0,0.015260562,,,,,,,,
46,3X back,3X,3,Caged,Fertilized,Caged x Fertilized,Back,Porites,PR-11-X,PR-11,20.998,2.702,0,0.128678922,0,0.128678922,,,,,,,,
47,3X front,3X,3,Caged,Fertilized,Caged x Fertilized,Front,Acropora,AP-12-X,AP-12,14.725,0.353,0,0.023972835,0,0.023972835,,,,,,,,
48,3X front,3X,3,Caged,Fertilized,Caged x Fertilized,Front,Porites,PR-11-X,PR-11,10.92,0.949,0,0.086904762,0,0.086904762,,,,,,,,
49,4C back,4C,4,Uncaged,Unfertilized,Control,Back,Acropora,AP-12-C,AP-12,4.284,0,0,0,0,0,,,,,,,,
50,4C back,4C,4,Uncaged,Unfertilized,Control,Back,Porites,PR-C-3,PR-C,16.782,1.338,0,0.07972828,0,0.07972828,,,,,,,,
51,4C front,4C,4,Uncaged,Unfertilized,Control,Front,Acropora,AP-12-C,AP-12,5.077,0.018,0,0.003545401,0,0.003545401,,,,,,,,
52,4C front,4C,4,Uncaged,Unfertilized,Control,Front,Porites,PR-C-3,PR-C,20.279,0.71,0,0.035011588,0,0.035011588,,,,,,,,
53,4H back,4H,4,Caged,Unfertilized,Caged,Back,Acropora,AP-10-H,AP-10,15.181,1.63,0,0.107371056,0,0.107371056,,,,,,,,
54,4H back,4H,4,Caged,Unfertilized,Caged,Back,Porites,PR-6-H,PR-6,16.47,1.476,0,0.089617486,0,0.089617486,,,,,,,,
55,4H front,4H,4,Caged,Unfertilized,Caged,Front,Acropora,AP-10-H,AP-10,14.375,1.712,0,0.119095652,0,0.119095652,,,,,,,,
56,4H front,4H,4,Caged,Unfertilized,Caged,Front,Porites,PR-6-H,PR-6,14.324,1.34,0,0.093549288,0,0.093549288,,,,,,,,
57,4N back,4N,4,Uncaged,Fertilized,Fertilized,Back,Acropora,AP-3-N,AP-3,7.762,0,0,0,0,0,,,,,,,,
58,4N back,4N,4,Uncaged,Fertilized,Fertilized,Back,Porites,PR-10-N,PR-10,12.988,0.832,0,0.064059132,0,0.064059132,,,,,,,,
59,4N front,4N,4,Uncaged,Fertilized,Fertilized,Front,Acropora,AP-3-N,AP-3,6.536,0,0,0,0,0,,,,,,,,
60,4N front,4N,4,Uncaged,Fertilized,Fertilized,Front,Porites,PR-10-N,PR-10,9.488,0,0,0,0,0,,,,,,,,
61,4X back,4X,4,Caged,Fertilized,Caged x Fertilized,Back,Acropora,AP-5-X,AP-5,21.021,0,0,0,0,0,,,,,,,,
62,4X back,4X,4,Caged,Fertilized,Caged x Fertilized,Back,Porites,PR-3-X,PR-3,21.326,0,0,0,0,0,,,,,,,,
63,4X front,4X,4,Caged,Fertilized,Caged x Fertilized,Front,Acropora,AP-5-X,AP-5,14.465,0,0,0,0,0,,,,,,,,
64,4X front,4X,4,Caged,Fertilized,Caged x Fertilized,Front,Porites,PR-3-X,PR-3,10.595,0,0,0,0,0,,,,,,,,
65,5C back,5C,5,Uncaged,Unfertilized,Control,Back,Acropora,AP-5-C,AP-5,8.137,0,0,0,0,0,,,,,,,,
66,5C back,5C,5,Uncaged,Unfertilized,Control,Back,Porites,PR-11-C,PR-11,13,0.274,0,0.021076923,0,0.021076923,,,,,,,,
67,5C front,5C,5,Uncaged,Unfertilized,Control,Front,Acropora,AP-5-C,AP-5,9.039,0,0,0,0,0,,,,,,,,
68,5C front,5C,5,Uncaged,Unfertilized,Control,Front,Porites,PR-11-C,PR-11,14.368,0.249,0,0.017330178,0,0.017330178,,,,,,,,
69,5H back,5H,5,Caged,Unfertilized,Caged,Back,Acropora,AP-12-H,AP-12,20.595,0.111,0,0.005389658,0,0.005389658,,,,,,,,
70,5H back,5H,5,Caged,Unfertilized,Caged,Back,Porites,PR-10-H,PR-10,15.769,0.923,0,0.058532564,0,0.058532564,,,,,,,,
71,5H front,5H,5,Caged,Unfertilized,Caged,Front,Acropora,AP-12-H,AP-12,17.823,0,0,0,0,0,,,,,,,,
72,5H front,5H,5,Caged,Unfertilized,Caged,Front,Porites,PR-10-H,PR-10,14.161,1.707,0,0.120542335,0,0.120542335,,,,,,,,
73,5N back,5N,5,Uncaged,Fertilized,Fertilized,Back,Acropora,AP-7-N,AP-7,6.204,0.126,0,0.020309478,0,0.020309478,,,,,,,,
74,5N back,5N,5,Uncaged,Fertilized,Fertilized,Back,Porites,PR-11-N,PR-11,17.632,0.472,0,0.02676951,0,0.02676951,,,,,,,,
75,5N front,5N,5,Uncaged,Fertilized,Fertilized,Front,Acropora,AP-7-N,AP-7,7.251,0,0,0,0,0,,,,,,,,
76,5N front,5N,5,Uncaged,Fertilized,Fertilized,Front,Porites,PR-11-N,PR-11,15.853,2.518,0,0.15883429,0,0.15883429,,,,,,,,
77,5X back,5X,5,Caged,Fertilized,Caged x Fertilized,Back,Acropora,AP-3-X,AP-3,13.82,0,0,0,0,0,,,,,,,,
78,5X back,5X,5,Caged,Fertilized,Caged x Fertilized,Back,Porites,PR-12-X,PR-12,11.261,0.617,0,0.054790871,0,0.054790871,,,,,,,,
79,5X front,5X,5,Caged,Fertilized,Caged x Fertilized,Front,Acropora,AP-3-X,AP-3,14.791,0,0,0,0,0,,,,,,,,
80,5X front,5X,5,Caged,Fertilized,Caged x Fertilized,Front,Porites,PR-12-X,PR-12,14.437,0.697,0,0.048278728,0,0.048278728,,,,,,,,
81,6C back,6C,6,Uncaged,Unfertilized,Control,Back,Acropora,AP-9-C,AP-9,4.411,0,0,0,0,0,,,,,,,,
82,6C back,6C,6,Uncaged,Unfertilized,Control,Back,Porites,PR-9-C,PR-9,17.806,1.758,2.371,0.098730765,0.133157363,0.231888128,,,,,,,,
83,6C front,6C,6,Uncaged,Unfertilized,Control,Front,Acropora,AP-9-C,AP-9,4.973,0,0,0,0,0,,,,,,,,
84,6C front,6C,6,Uncaged,Unfertilized,Control,Front,Porites,PR-9-C,PR-9,21.879,0.804,3.204,0.036747566,0.146441794,0.18318936,,,,,,,,
85,6H back,6H,6,Caged,Unfertilized,Caged,Back,Acropora,AP-4-H,AP-4,14.094,0.228,0,0.016177097,0,0.016177097,,,,,,,,
86,6H back,6H,6,Caged,Unfertilized,Caged,Back,Porites,PR-12-H,PR-12,13.091,6.491,1.687,0.495836835,0.128867161,0.624703995,,,,,,,,
87,6H front,6H,6,Caged,Unfertilized,Caged,Front,Acropora,AP-4-H,AP-4,13.914,0,0,0,0,0,,,,,,,,
88,6H front,6H,6,Caged,Unfertilized,Caged,Front,Porites,PR-12-H,PR-12,9.933,2.293,1.631,0.230846673,0.164200141,0.395046814,,,,,,,,
89,6N back,6N,6,Uncaged,Fertilized,Fertilized,Back,Acropora,AP-11-N,AP-11,4.108,0,0,0,0,0,,,,,,,,
90,6N back,6N,6,Uncaged,Fertilized,Fertilized,Back,Porites,PR-1-N,PR-1,18.178,1.299,0,0.071460007,0,0.071460007,,,,,,,,
91,6N front,6N,6,Uncaged,Fertilized,Fertilized,Front,Acropora,AP-11-N,AP-11,4.078,0,0,0,0,0,,,,,,,,
92,6N front,6N,6,Uncaged,Fertilized,Fertilized,Front,Porites,PR-1-N,PR-1,16.514,0.684,1.603,0.041419402,0.097069153,0.138488555,,,,,,,,
93,6X back,6X,6,Caged,Fertilized,Caged x Fertilized,Back,Acropora,AP-11-X,AP-11,14.896,0,0,0,0,0,,,,,,,,
94,6X back,6X,6,Caged,Fertilized,Caged x Fertilized,Back,Porites,PR-10-X,PR-10,20.916,4.007,0,0.191575827,0,0.191575827,,,,,,,,
95,6X front,6X,6,Caged,Fertilized,Caged x Fertilized,Front,Acropora,AP-11-X,AP-11,11.527,0.347,0,0.030103236,0,0.030103236,,,,,,,,
96,6X front,6X,6,Caged,Fertilized,Caged x Fertilized,Front,Porites,PR-10-X,PR-10,20.032,1.084,0.636,0.054113419,0.031749201,0.08586262,,,,,,,,
97,7C back,7C,7,Uncaged,Unfertilized,Control,Back,Acropora,AP-6-C,AP-6,12.085,0,0,0,0,0,,,,,,,,
98,7C back,7C,7,Uncaged,Unfertilized,Control,Back,Porites,PR-10-C,PR-10,17.629,0.839,0,0.047592036,0,0.047592036,,,,,,,,
99,7C front,7C,7,Uncaged,Unfertilized,Control,Front,Acropora,AP-6-C,AP-6,16.048,0,0,0,0,0,,,,,,,,
100,7C front,7C,7,Uncaged,Unfertilized,Control,Front,Porites,PR-10-C,PR-10,18.504,7.603,0,0.410884133,0,0.410884133,,,,,,,,
101,7H back,7H,7,Caged,Unfertilized,Caged,Back,Acropora,AP-1-H,AP-1,21.958,0.221,0,0.010064669,0,0.010064669,,,,,,,,
102,7H back,7H,7,Caged,Unfertilized,Caged,Back,Porites,PR-2-H,PR-2,13.93,2.552,0,0.183201723,0,0.183201723,,,,,,,,
103,7H front,7H,7,Caged,Unfertilized,Caged,Front,Acropora,AP-1-H,AP-1,12.26,0,0,0,0,0,,,,,,,,
104,7H front,7H,7,Caged,Unfertilized,Caged,Front,Porites,PR-2-H,PR-2,8.371,0.585,0,0.069884124,0,0.069884124,,,,,,,,
105,7N back,7N,7,Uncaged,Fertilized,Fertilized,Back,Acropora,AP-1-N,AP-1,11.001,0.138,0,0.012544314,0,0.012544314,,,,,,,,
106,7N back,7N,7,Uncaged,Fertilized,Fertilized,Back,Porites,PR-2-N,PR-2,20.434,2.24,0,0.10962122,0,0.10962122,,,,,,,,
107,7N front,7N,7,Uncaged,Fertilized,Fertilized,Front,Acropora,AP-1-N,AP-1,8.524,0,0,0,0,0,,,,,,,,
108,7N front,7N,7,Uncaged,Fertilized,Fertilized,Front,Porites,PR-2-N,PR-2,17.432,3.395,0,0.194756769,0,0.194756769,,,,,,,,
109,7X back,7X,7,Caged,Fertilized,Caged x Fertilized,Back,Acropora,AP-8-X,AP-8,13.957,0,0,0,0,0,,,,,,,,
110,7X back,7X,7,Caged,Fertilized,Caged x Fertilized,Back,Porites,PR-6-X,PR-6,19.136,0,0,0,0,0,,,,,,,,
111,7X front,7X,7,Caged,Fertilized,Caged x Fertilized,Front,Acropora,AP-8-X,AP-8,17.85,0,0,0,0,0,,,,,,,,
112,7X front,7X,7,Caged,Fertilized,Caged x Fertilized,Front,Porites,PR-6-X,PR-6,27.024,0,0,0,0,0,,,,,,,,
113,8C back,8C,8,Uncaged,Unfertilized,Control,Back,Acropora,AP-2-C,AP-2,11.849,0,0,0,0,0,,,,,,,,
114,8C back,8C,8,Uncaged,Unfertilized,Control,Back,Porites,PR-1-C,PR-1,11.987,0,0,0,0,0,,,,,,,,
115,8C front,8C,8,Uncaged,Unfertilized,Control,Front,Acropora,AP-2-C,AP-2,10.842,0,0,0,0,0,,,,,,,,
116,8C front,8C,8,Uncaged,Unfertilized,Control,Front,Porites,PR-1-C,PR-1,12.545,0,0,0,0,0,,,,,,,,
117,8H back,8H,8,Caged,Unfertilized,Caged,Back,Acropora,AP-8-H,AP-8,9.768,0,0,0,0,0,,,,,,,,
118,8H back,8H,8,Caged,Unfertilized,Caged,Back,Porites,PR-3-H,PR-3,11.716,1.377,0,0.117531581,0,0.117531581,,,,,,,,
119,8H front,8H,8,Caged,Unfertilized,Caged,Front,Acropora,AP-8-H,AP-8,15.987,0,0,0,0,0,,,,,,,,
120,8H front,8H,8,Caged,Unfertilized,Caged,Front,Porites,PR-3-H,PR-3,13.76,1.573,3.852,0.114316861,0.279941861,0.394258721,,,,,,,,
121,8N back,8N,8,Uncaged,Fertilized,Fertilized,Back,Acropora,AP-2-N,AP-2,10.328,0,0,0,0,0,,,,,,,,
122,8N back,8N,8,Uncaged,Fertilized,Fertilized,Back,Porites,PR-8-N,PR-8,19.958,0.377,0,0.018889668,0,0.018889668,,,,,,,,
123,8N front,8N,8,Uncaged,Fertilized,Fertilized,Front,Acropora,AP-2-N,AP-2,7.981,0,0,0,0,0,,,,,,,,
124,8N front,8N,8,Uncaged,Fertilized,Fertilized,Front,Porites,PR-8-N,PR-8,16.718,2.469,0,0.14768513,0,0.14768513,,,,,,,,
125,8X back,8X,8,Caged,Fertilized,Caged x Fertilized,Back,Acropora,AP-4-X,AP-4,13.397,0.284,0,0.021198776,0,0.021198776,,,,,,,,
126,8X back,8X,8,Caged,Fertilized,Caged x Fertilized,Back,Porites,PR-9-X,PR-9,19.268,3.116,5.13,0.161718912,0.266244551,0.427963463,,,,,,,,
127,8X front,8X,8,Caged,Fertilized,Caged x Fertilized,Front,Acropora,AP-4-X,AP-4,10.935,0,0,0,0,0,,,,,,,,
128,8X front,8X,8,Caged,Fertilized,Caged x Fertilized,Front,Porites,PR-9-X,PR-9,16.795,6.296,0,0.374873474,0,0.374873474,,,,,,,,
129,9C back,9C,9,Uncaged,Unfertilized,Control,Back,Acropora,AP-7-C,AP-7,5.077,0,0,0,0,0,,,,,,,,
130,9C back,9C,9,Uncaged,Unfertilized,Control,Back,Porites,PR-12-C,PR-12,11.5,0,0,0,0,0,,,,,,,,
131,9C front,9C,9,Uncaged,Unfertilized,Control,Front,Acropora,AP-7-C,AP-7,4.423,0,0,0,0,0,,,,,,,,
132,9C front,9C,9,Uncaged,Unfertilized,Control,Front,Porites,PR-12-C,PR-12,10.932,0,0,0,0,0,,,,,,,,
133,9H back,9H,9,Caged,Unfertilized,Caged,Back,Acropora,AP-3-H,AP-3,11.036,0,0,0,0,0,,,,,,,,
134,9H back,9H,9,Caged,Unfertilized,Caged,Back,Porites,PR-5-H,PR-5,14.458,0,0,0,0,0,,,,,,,,
135,9H front,9H,9,Caged,Unfertilized,Caged,Front,Acropora,AP-3-H,AP-3,11.413,0,0,0,0,0,,,,,,,,
136,9H front,9H,9,Caged,Unfertilized,Caged,Front,Porites,PR-5-H,PR-5,13.271,1.056,0,0.079571999,0,0.079571999,,,,,,,,
137,9N back,9N,9,Uncaged,Fertilized,Fertilized,Back,Acropora,AP-5-N,AP-5,7.463,0,0,0,0,0,,,,,,,,
138,9N back,9N,9,Uncaged,Fertilized,Fertilized,Back,Porites,PR-9-N,PR-9,20.27,1.533,0,0.075629008,0,0.075629008,,,,,,,,
139,9N front,9N,9,Uncaged,Fertilized,Fertilized,Front,Acropora,AP-5-N,AP-5,5.836,0,0,0,0,0,,,,,,,,
140,9N front,9N,9,Uncaged,Fertilized,Fertilized,Front,Porites,PR-9-N,PR-9,14.164,1.811,0,0.127859362,0,0.127859362,,,,,,,,
141,9X back,9X,9,Caged,Fertilized,Caged x Fertilized,Back,Acropora,AP-2-X,AP-2,15.654,0,0,0,0,0,,,,,,,,
142,9X back,9X,9,Caged,Fertilized,Caged x Fertilized,Back,Porites,PR-4-X,PR-4,13.473,0,0,0,0,0,,,,,,,,
143,9X front,9X,9,Caged,Fertilized,Caged x Fertilized,Front,Acropora,AP-2-X,AP-2,10.405,0,0,0,0,0,,,,,,,,
144,9X front,9X,9,Caged,Fertilized,Caged x Fertilized,Front,Porites,PR-4-X,PR-4,11.495,0,0,0,0,0,,,,,,,,
145,10C back,10C,10,Uncaged,Unfertilized,Control,Back,Acropora,AP-10-C,AP-10,7.627,0,0,0,0,0,,,,,,,,
146,10C back,10C,10,Uncaged,Unfertilized,Control,Back,Porites,PR-8-C,PR-8,15.382,0.812,0,0.052788974,0,0.052788974,,,,,,,,
147,10C front,10C,10,Uncaged,Unfertilized,Control,Front,Acropora,AP-10-C,AP-10,8.727,0,0,0,0,0,,,,,,,,
148,10C front,10C,10,Uncaged,Unfertilized,Control,Front,Porites,PR-8-C,PR-8,18.634,2.787,0,0.149565311,0,0.149565311,,,,,,,,
149,10H back,10H,10,Caged,Unfertilized,Caged,Back,Acropora,AP-6-H,AP-6,15.633,0,0,0,0,0,,,,,,,,
150,10H back,10H,10,Caged,Unfertilized,Caged,Back,Porites,PR-4-H,PR-4,28.134,28.134,0,1,0,1,,,,,,,,
151,10H front,10H,10,Caged,Unfertilized,Caged,Front,Acropora,AP-6-H,AP-6,19.756,1.068,0,0.054059526,0,0.054059526,,,,,,,,
152,10H front,10H,10,Caged,Unfertilized,Caged,Front,Porites,PR-4-H,PR-4,24.321,24.321,0,1,0,1,,,,,,,,
153,10N back,10N,10,Uncaged,Fertilized,Fertilized,Back,Acropora,AP-9-N,AP-9,6.657,0,0,0,0,0,,,,,,,,
154,10N back,10N,10,Uncaged,Fertilized,Fertilized,Back,Porites,PR-4-N,PR-4,22.049,2.332,0,0.105764434,0,0.105764434,,,,,,,,
155,10N front,10N,10,Uncaged,Fertilized,Fertilized,Front,Acropora,AP-9-N,AP-9,5.619,0,0,0,0,0,,,,,,,,
156,10N front,10N,10,Uncaged,Fertilized,Fertilized,Front,Porites,PR-4-N,PR-4,15.491,4.068,0,0.262604093,0,0.262604093,,,,,,,,
157,10X back,10X,10,Caged,Fertilized,Caged x Fertilized,Back,Acropora,AP-7-X,AP-7,10.615,0,0,0,0,0,,,,,,,,
158,10X back,10X,10,Caged,Fertilized,Caged x Fertilized,Back,Porites,PR-7-X,PR-7,5.39,0,0,0,0,0,,,,,,,,
159,10X front,10X,10,Caged,Fertilized,Caged x Fertilized,Front,Acropora,AP-7-X,AP-7,15.92,0,0,0,0,0,,,,,,,,
160,10X front,10X,10,Caged,Fertilized,Caged x Fertilized,Front,Porites,PR-7-X,PR-7,8.306,0,0,0,0,0,,,,,,,,
161,11C back,11C,11,Uncaged,Unfertilized,Control,Back,Acropora,AP-3-C,AP-3,8.085,0,0,0,0,0,,,,,,,,
162,11C back,11C,11,Uncaged,Unfertilized,Control,Back,Porites,PR-4-C,PR-4,14.91,0,0,0,0,0,,,,,,,,
163,11C front,11C,11,Uncaged,Unfertilized,Control,Front,Acropora,AP-3-C,AP-3,11.235,0.13,0,0.011570984,0,0.011570984,,,,,,,,
164,11C front,11C,11,Uncaged,Unfertilized,Control,Front,Porites,PR-4-C,PR-4,13.512,1.149,0,0.085035524,0,0.085035524,,,,,,,,
165,11H back,11H,11,Caged,Unfertilized,Caged,Back,Acropora,AP-9-H,AP-9,13.509,0,0,0,0,0,,,,,,,,
166,11H back,11H,11,Caged,Unfertilized,Caged,Back,Porites,PR-7-H,PR-7,10.425,2.298,0,0.220431655,0,0.220431655,,,,,,,,
167,11H front,11H,11,Caged,Unfertilized,Caged,Front,Acropora,AP-9-H,AP-9,11.639,1.255,0,0.107827133,0,0.107827133,,,,,,,,
168,11H front,11H,11,Caged,Unfertilized,Caged,Front,Porites,PR-7-H,PR-7,9.801,0.732,0,0.074686257,0,0.074686257,,,,,,,,
169,11N back,11N,11,Uncaged,Fertilized,Fertilized,Back,Acropora,AP-8-N,AP-8,5.995,0,0,0,0,0,,,,,,,,
170,11N back,11N,11,Uncaged,Fertilized,Fertilized,Back,Porites,PR-5-N,PR-5,10.726,0.773,0,0.072067872,0,0.072067872,,,,,,,,
171,11N front,11N,11,Uncaged,Fertilized,Fertilized,Front,Acropora,AP-8-N,AP-8,6.451,0,0,0,0,0,,,,,,,,
172,11N front,11N,11,Uncaged,Fertilized,Fertilized,Front,Porites,PR-5-N,PR-5,12.57,4.862,0,0.386793954,0,0.386793954,,,,,,,,
173,11X back,11X,11,Caged,Fertilized,Caged x Fertilized,Back,Acropora,AP-9-X,AP-9,18.553,0,0,0,0,0,,,,,,,,
174,11X back,11X,11,Caged,Fertilized,Caged x Fertilized,Back,Porites,PR-8-X,PR-8,20.466,2.151,0,0.105101143,0,0.105101143,,,,,,,,
175,11X front,11X,11,Caged,Fertilized,Caged x Fertilized,Front,Acropora,AP-9-X,AP-9,8.722,0,0,0,0,0,,,,,,,,
176,11X front,11X,11,Caged,Fertilized,Caged x Fertilized,Front,Porites,PR-8-X,PR-8,13.305,0,0,0,0,0,,,,,,,,
177,12C back,12C,12,Uncaged,Unfertilized,Control,Back,Acropora,AP-11-C,AP-11,10.022,0,0,0,0,0,,,,,,,,
178,12C back,12C,12,Uncaged,Unfertilized,Control,Back,Porites,PR-7-C,PR-7,19.576,0,0,0,0,0,,,,,,,,
179,12C front,12C,12,Uncaged,Unfertilized,Control,Front,Acropora,AP-11-C,AP-11,6.207,0,0,0,0,0,,,,,,,,
180,12C front,12C,12,Uncaged,Unfertilized,Control,Front,Porites,PR-7-C,PR-7,14.37,0,0,0,0,0,,,,,,,,
181,12H back,12H,12,Caged,Unfertilized,Caged,Back,Acropora,AP-11-H,AP-11,5.065,0.383,0,0.075616979,0,0.075616979,,,,,,,,
182,12H back,12H,12,Caged,Unfertilized,Caged,Back,Porites,PR-9-H,PR-9,18.843,8.149,2.364,0.432468291,0.12545773,0.55792602,,,,,,,,
183,12H front,12H,12,Caged,Unfertilized,Caged,Front,Acropora,AP-11-H,AP-11,6.338,0,0,0,0,0,,,,,,,,
184,12H front,12H,12,Caged,Unfertilized,Caged,Front,Porites,PR-9-H,PR-9,19.918,11.279,0.591,0.566271714,0.029671654,0.595943368,,,,,,,,
185,12N back,12N,12,Uncaged,Fertilized,Fertilized,Back,Acropora,AP-10-N,AP-10,12.34,0.101,0,0.008184765,0,0.008184765,,,,,,,,
186,12N back,12N,12,Uncaged,Fertilized,Fertilized,Back,Porites,PR-6-N,PR-6,17.557,0,0,0,0,0,,,,,,,,
187,12N front,12N,12,Uncaged,Fertilized,Fertilized,Front,Acropora,AP-10-N,AP-10,7.774,0,0,0,0,0,,,,,,,,
188,12N front,12N,12,Uncaged,Fertilized,Fertilized,Front,Porites,PR-6-N,PR-6,10.855,0.258,0,0.023767849,0,0.023767849,,,,,,,,
189,12X back,12X,12,Caged,Fertilized,Caged x Fertilized,Back,Acropora,AP-6-X,AP-6,19.839,0.136,0,0.006855184,0,0.006855184,,,,,,,,
190,12X back,12X,12,Caged,Fertilized,Caged x Fertilized,Back,Porites,PR-2-X,PR-2,19.652,0.478,0,0.024323224,0,0.024323224,,,,,,,,
191,12X front,12X,12,Caged,Fertilized,Caged x Fertilized,Front,Acropora,AP-6-X,AP-6,10.371,0.056,0,0.005399672,0,0.005399672,,,,,,,,
192,12X front,12X,12,Caged,Fertilized,Caged x Fertilized,Front,Porites,PR-2-X,PR-2,12.068,0,0,0,0,0,,,,,,,,