Order,Date,Week,Start time,Runtime,Runtime min,Plot ID,Fertilized,Block,Fish code,Fish spp,Acropora base grazing,Porites base grazing,Cinderblock grazing
1,4/9/23,4,1100,1:26:13,86.21666667,1C,N,1,CTST,Ctenochaetus striatus,12,3,81
2,4/9/23,4,1100,1:26:13,86.21666667,1C,N,1,CHSP,Chlorurus spilurus,1,2,26
3,4/9/23,4,1100,1:26:13,86.21666667,1C,N,1,POPA,Pomacentrus pavo,5,0,9
4,4/9/23,4,1100,1:26:13,86.21666667,1C,N,1,ZESC,Zebrasoma scopas,2,0,0
5,4/9/23,4,1100,1:26:13,86.21666667,1C,N,1,ACTR,Acanthurus triostegus,0,0,182
6,4/9/23,4,1100,1:26:13,86.21666667,1C,N,1,CHEP,Chaetodon ephippium,0,0,1
7,4/9/23,4,1100,1:26:13,86.21666667,1C,N,1,SCPS,Scarus psittacus,0,0,2
8,4/9/23,4,1100,1:26:13,86.21666667,1C,N,1,ACBL,Acanthurus blochii,0,0,2
9,4/9/23,4,1100,1:26:13,86.21666667,1C,N,1,TOTAL,TOTAL,20,5,303
10,3/12/23,0,1137,1:19:19,79.31666667,1C,N,1,TOTAL,TOTAL,0,0,0
11,3/26/23,2,1132,1:24:56,84.93333333,1C,N,1,CTST,Ctenochaetus striatus,4,3,182
12,3/26/23,2,1132,1:24:56,84.93333333,1C,N,1,ACTR,Acanthurus triostegus,0,0,117
13,3/26/23,2,1132,1:24:56,84.93333333,1C,N,1,CHSP,Chlorurus spilurus,0,0,4
14,3/26/23,2,1132,1:24:56,84.93333333,1C,N,1,TOTAL,TOTAL,4,3,303
15,4/9/23,4,1101,1:19:54,79.9,1N,Y,1,CHLU,Chaetodon lunulatus,0,0,0
16,4/9/23,4,1101,1:19:54,79.9,1N,Y,1,SCPS,Scarus psittacus,0,9,45
17,4/9/23,4,1101,1:19:54,79.9,1N,Y,1,CTST,Ctenochaetus striatus,8,8,171
18,4/9/23,4,1101,1:19:54,79.9,1N,Y,1,CHCI,Chaetodon citrinellus,0,0,2
19,4/9/23,4,1101,1:19:54,79.9,1N,Y,1,ACTR,Acanthurus triostegus,0,0,142
20,4/9/23,4,1101,1:19:54,79.9,1N,Y,1,ACBL,Acanthurus blochii,0,0,52
21,4/9/23,4,1101,1:19:54,79.9,1N,Y,1,TOTAL,TOTAL,8,17,412
22,3/12/23,0,1136,1:21:03,81.05,1N,Y,1,TOTAL,TOTAL,0,0,0
23,3/26/23,2,1132,1:20:22,80.36666667,1N,Y,1,CTST,Ctenochaetus striatus,0,6,81
24,3/26/23,2,1132,1:20:22,80.36666667,1N,Y,1,CHCI,Chaetodon citrinellus,0,0,10
25,3/26/23,2,1132,1:20:22,80.36666667,1N,Y,1,ACBL,Acanthurus blochii,0,0,18
26,3/26/23,2,1132,1:20:22,80.36666667,1N,Y,1,SCPS,Scarus psittacus,0,0,6
27,3/26/23,2,1132,1:20:22,80.36666667,1N,Y,1,TOTAL,TOTAL,0,6,115
28,4/9/23,4,1102,1:23:26,83.43333333,2C,N,2,CTST,Ctenochaetus striatus,29,14,367
29,4/9/23,4,1102,1:23:26,83.43333333,2C,N,2,ZESC,Zebrasoma scopas,3,0,82
30,4/9/23,4,1102,1:23:26,83.43333333,2C,N,2,ACTR,Acanthurus triostegus,0,8,16
31,4/9/23,4,1102,1:23:26,83.43333333,2C,N,2,SCPS,Scarus psittacus,0,0,5
32,4/9/23,4,1102,1:23:26,83.43333333,2C,N,2,RHAC,Rhinecanthus aculeatus,0,0,2
33,4/9/23,4,1102,1:23:26,83.43333333,2C,N,2,TOTAL,TOTAL,32,22,472
34,3/12/23,0,1133,1:22:48,82.8,2C,N,2,TOTAL,TOTAL,0,0,0
35,3/26/23,2,1135,1:20:37,80.61666667,2C,N,2,CHLU,Chaetodon lunulatus,0,0,0
36,3/26/23,2,1135,1:20:37,80.61666667,2C,N,2,CTST,Ctenochaetus striatus,8,1,122
37,3/26/23,2,1135,1:20:37,80.61666667,2C,N,2,ACBL,Acanthurus blochii,0,2,33
38,3/26/23,2,1135,1:20:37,80.61666667,2C,N,2,RHAC,Rhinecanthus aculeatus,0,1,0
39,3/26/23,2,1135,1:20:37,80.61666667,2C,N,2,ZESC,Zebrasoma scopas,0,0,87
40,3/26/23,2,1135,1:20:37,80.61666667,2C,N,2,TOTAL,TOTAL,8,4,242
41,4/9/23,4,1102,1:21:37,81.61666667,2N,Y,2,CHLU,Chaetodon lunulatus,0,0,0
42,4/9/23,4,1102,1:21:37,81.61666667,2N,Y,2,ZESC,Zebrasoma scopas,26,37,795
43,4/9/23,4,1102,1:21:37,81.61666667,2N,Y,2,CTST,Ctenochaetus striatus,7,4,153
44,4/9/23,4,1102,1:21:37,81.61666667,2N,Y,2,CHSP,Chlorurus spilurus,1,1,0
45,4/9/23,4,1102,1:21:37,81.61666667,2N,Y,2,SCPS,Scarus psittacus,0,0,15
46,4/9/23,4,1102,1:21:37,81.61666667,2N,Y,2,TOTAL,TOTAL,34,42,963
47,3/12/23,0,1134,1:27:25,87.41666667,2N,Y,2,TOTAL,TOTAL,0,0,0
48,3/26/23,2,1134,1:23:08,83.13333333,2N,Y,2,CHLU,Chaetodon lunulatus,0,0,0
49,3/26/23,2,1134,1:23:08,83.13333333,2N,Y,2,CTST,Ctenochaetus striatus,4,0,117
50,3/26/23,2,1134,1:23:08,83.13333333,2N,Y,2,ZESC,Zebrasoma scopas,19,23,191
51,3/26/23,2,1134,1:23:08,83.13333333,2N,Y,2,CHCI,Chaetodon citrinellus,2,0,60
52,3/26/23,2,1134,1:23:08,83.13333333,2N,Y,2,CHSP,Chlorurus spilurus,0,10,321
53,3/26/23,2,1134,1:23:08,83.13333333,2N,Y,2,SCPS,Scarus psittacus,0,0,7
54,3/26/23,2,1134,1:23:08,83.13333333,2N,Y,2,TOTAL,TOTAL,25,33,696
55,4/9/23,4,1104,1:23:44,83.73333333,3C,N,3,ACTR,Acanthurus triostegus,41,9,158
56,4/9/23,4,1104,1:23:44,83.73333333,3C,N,3,CTST,Ctenochaetus striatus,2,2,74
57,4/9/23,4,1104,1:23:44,83.73333333,3C,N,3,ACBL,Acanthurus blochii,0,1,108
58,4/9/23,4,1104,1:23:44,83.73333333,3C,N,3,SCPS,Scarus psittacus,0,0,41
59,4/9/23,4,1104,1:23:44,83.73333333,3C,N,3,TOTAL,TOTAL,43,12,381
60,3/12/23,0,1132,1:26:29,86.48333333,3C,N,3,TOTAL,TOTAL,0,0,0
61,3/26/23,2,1136,1:28:40,88.66666667,3C,N,3,ACTR,Acanthurus triostegus,5,2,116
62,3/26/23,2,1136,1:28:40,88.66666667,3C,N,3,ACBL,Acanthurus blochii,16,3,154
63,3/26/23,2,1136,1:28:40,88.66666667,3C,N,3,TOTAL,TOTAL,21,5,270
64,4/9/23,4,1103,1:24:31,84.51666667,3N,Y,3,CTST,Ctenochaetus striatus,2,10,191
65,4/9/23,4,1103,1:24:31,84.51666667,3N,Y,3,ACTR,Acanthurus triostegus,62,9,501
66,4/9/23,4,1103,1:24:31,84.51666667,3N,Y,3,ACBL,Acanthurus blochii,1,4,85
67,4/9/23,4,1103,1:24:31,84.51666667,3N,Y,3,SCPS,Scarus psittacus,0,0,38
68,4/9/23,4,1103,1:24:31,84.51666667,3N,Y,3,EPIN,Epibulus insidiator,0,0,3
69,4/9/23,4,1103,1:24:31,84.51666667,3N,Y,3,TOTAL,TOTAL,65,23,818
70,3/12/23,0,1131,1:17:06,77.1,3N,Y,3,ACBL,Acanthurus blochii,0,0,4
71,3/12/23,0,1131,1:17:06,77.1,3N,Y,3,TOTAL,TOTAL,0,0,4
72,3/26/23,2,1137,1:26:41,86.68333333,3N,Y,3,ACTR,Acanthurus triostegus,5,10,370
73,3/26/23,2,1137,1:26:41,86.68333333,3N,Y,3,ACBL,Acanthurus blochii,3,1,333
74,3/26/23,2,1137,1:26:41,86.68333333,3N,Y,3,TOTAL,TOTAL,8,11,703
75,4/10/23,4,1101,1:29:03,89.05,4C,N,4,ACBL,Acanthurus blochii,1,0,53
76,4/10/23,4,1101,1:29:03,89.05,4C,N,4,ACTR,Acanthurus triostegus,5,23,151
77,4/10/23,4,1101,1:29:03,89.05,4C,N,4,CTST,Ctenochaetus striatus,0,0,10
78,4/10/23,4,1101,1:29:03,89.05,4C,N,4,TOTAL,TOTAL,6,23,214
79,3/13/23,0,1106,1:28:16,88.26666667,4C,N,4,ACTR,Acanthurus triostegus,3,0,3
80,3/13/23,0,1106,1:28:16,88.26666667,4C,N,4,TOTAL,TOTAL,3,0,3
81,3/27/23,2,1112,1:25:05,85.08333333,4C,N,4,CTST,Ctenochaetus striatus,0,1,56
82,3/27/23,2,1112,1:25:05,85.08333333,4C,N,4,ACBL,Acanthurus blochii,0,4,27
83,3/27/23,2,1112,1:25:05,85.08333333,4C,N,4,ACTR,Acanthurus triostegus,0,0,15
84,3/27/23,2,1112,1:25:05,85.08333333,4C,N,4,TOTAL,TOTAL,0,5,98
85,4/10/23,4,1100,1:22:56,82.93333333,4N,Y,4,ACTR,Acanthurus triostegus,1,0,153
86,4/10/23,4,1100,1:22:56,82.93333333,4N,Y,4,ACBL,Acanthurus blochii,0,1,35
87,4/10/23,4,1100,1:22:56,82.93333333,4N,Y,4,RHAC,Rhinecanthus aculeatus,0,0,2
88,4/10/23,4,1100,1:22:56,82.93333333,4N,Y,4,TOTAL,TOTAL,1,1,190
89,3/13/23,0,1105,1:28:46,88.76666667,4N,Y,4,ACBL,Acanthurus blochii,0,0,76
90,3/13/23,0,1105,1:28:46,88.76666667,4N,Y,4,ZESC,Zebrasoma scopas,0,0,1
91,3/13/23,0,1105,1:28:46,88.76666667,4N,Y,4,TOTAL,TOTAL,0,0,77
92,3/27/23,2,1117,1:23:23,83.38333333,4N,Y,4,ACTR,Acanthurus triostegus,5,0,105
93,3/27/23,2,1117,1:23:23,83.38333333,4N,Y,4,CTST,Ctenochaetus striatus,0,2,88
94,3/27/23,2,1117,1:23:23,83.38333333,4N,Y,4,ACBL,Acanthurus blochii,0,0,4
95,3/27/23,2,1117,1:23:23,83.38333333,4N,Y,4,ZESC,Zebrasoma scopas,0,0,1
96,3/27/23,2,1117,1:23:23,83.38333333,4N,Y,4,TOTAL,TOTAL,5,2,198
97,4/10/23,4,1102,1:23:20,83.33333333,5C,N,5,CHSP,Chlorurus spilurus,0,0,38
98,4/10/23,4,1102,1:23:20,83.33333333,5C,N,5,RHAC,Rhinecanthus aculeatus,0,0,1
99,4/10/23,4,1102,1:23:20,83.33333333,5C,N,5,ACTR,Acanthurus triostegus,0,0,1
100,4/10/23,4,1102,1:23:20,83.33333333,5C,N,5,ACBL,Acanthurus blochii,0,0,3
101,4/10/23,4,1102,1:23:20,83.33333333,5C,N,5,TOTAL,TOTAL,0,0,43
102,3/13/23,0,1108,1:22:04,82.06666667,5C,N,5,TOTAL,TOTAL,0,0,0
103,3/27/23,2,1110,1:25:23,85.38333333,5C,N,5,ACTR,Acanthurus triostegus,4,1,38
104,3/27/23,2,1110,1:25:23,85.38333333,5C,N,5,ACBL,Acanthurus blochii,0,1,259
105,3/27/23,2,1110,1:25:23,85.38333333,5C,N,5,CHVA,Chaetodon vagabundus,0,0,1
106,3/27/23,2,1110,1:25:23,85.38333333,5C,N,5,TOTAL,TOTAL,4,2,298
107,4/10/23,4,1102,1:27:26,87.43333333,5N,Y,5,ACBL,Acanthurus blochii,2,1,49
108,4/10/23,4,1102,1:27:26,87.43333333,5N,Y,5,SCPS,Scarus psittacus,0,0,4
109,4/10/23,4,1102,1:27:26,87.43333333,5N,Y,5,RHAC,Rhinecanthus aculeatus,0,0,2
110,4/10/23,4,1102,1:27:26,87.43333333,5N,Y,5,ACTR,Acanthurus triostegus,0,0,88
111,4/10/23,4,1102,1:27:26,87.43333333,5N,Y,5,TOTAL,TOTAL,2,1,143
112,3/13/23,0,1107,1:22:32,82.53333333,5N,Y,5,ACBL,Acanthurus blochii,0,0,1
113,3/13/23,0,1107,1:22:32,82.53333333,5N,Y,5,TOTAL,TOTAL,0,0,1
114,3/27/23,2,1111,1:21:43,81.71666667,5N,Y,5,ACBL,Acanthurus blochii,1,0,165
115,3/27/23,2,1111,1:21:43,81.71666667,5N,Y,5,ACTR,Acanthurus triostegus,0,1,116
116,3/27/23,2,1111,1:21:43,81.71666667,5N,Y,5,SCPS,Scarus psittacus,0,0,61
117,3/27/23,2,1111,1:21:43,81.71666667,5N,Y,5,RHAC,Rhinecanthus aculeatus,0,0,1
118,3/27/23,2,1111,1:21:43,81.71666667,5N,Y,5,ZESC,Zebrasoma scopas,0,0,5
119,3/27/23,2,1111,1:21:43,81.71666667,5N,Y,5,TOTAL,TOTAL,1,1,348
120,4/10/23,4,1103,1:21:20,81.33333333,6C,N,6,CHLU,Chaetodon lunulatus,0,0,0
121,4/10/23,4,1103,1:21:20,81.33333333,6C,N,6,SCPS,Scarus psittacus,12,13,23
122,4/10/23,4,1103,1:21:20,81.33333333,6C,N,6,ZESC,Zebrasoma scopas,8,7,342
123,4/10/23,4,1103,1:21:20,81.33333333,6C,N,6,CTST,Ctenochaetus striatus,3,2,95
124,4/10/23,4,1103,1:21:20,81.33333333,6C,N,6,TOTAL,TOTAL,23,22,460
125,3/13/23,0,1109,1:20:49,80.81666667,6C,N,6,CHLU,Chaetodon lunulatus,0,0,0
126,3/13/23,0,1109,1:20:49,80.81666667,6C,N,6,CTST,Ctenochaetus striatus,1,0,55
127,3/13/23,0,1109,1:20:49,80.81666667,6C,N,6,ZESC,Zebrasoma scopas,20,10,35
128,3/13/23,0,1109,1:20:49,80.81666667,6C,N,6,TOTAL,TOTAL,21,10,90
129,3/27/23,2,1108,1:26:51,86.85,6C,N,6,CTST,Ctenochaetus striatus,7,7,198
130,3/27/23,2,1108,1:26:51,86.85,6C,N,6,SCPS,Scarus psittacus,0,0,2
131,3/27/23,2,1108,1:26:51,86.85,6C,N,6,ZESC,Zebrasoma scopas,17,6,369
132,3/27/23,2,1108,1:26:51,86.85,6C,N,6,TOTAL,TOTAL,24,13,569
133,4/10/23,4,1104,1:26:54,86.9,6N,Y,6,CTST,Ctenochaetus striatus,7,3,250
134,4/10/23,4,1104,1:26:54,86.9,6N,Y,6,ZESC,Zebrasoma scopas,13,2,325
135,4/10/23,4,1104,1:26:54,86.9,6N,Y,6,SCPS,Scarus psittacus,0,0,14
136,4/10/23,4,1104,1:26:54,86.9,6N,Y,6,ACBL,Acanthurus blochii,0,0,4
137,4/10/23,4,1104,1:26:54,86.9,6N,Y,6,EPIN,Epibulus insidiator,0,0,1
138,4/10/23,4,1104,1:26:54,86.9,6N,Y,6,TOTAL,TOTAL,20,5,594
139,3/13/23,0,1110,1:26:38,86.63333333,6N,Y,6,CTST,Ctenochaetus striatus,0,0,63
140,3/13/23,0,1110,1:26:38,86.63333333,6N,Y,6,ZESC,Zebrasoma scopas,0,0,3
141,3/13/23,0,1110,1:26:38,86.63333333,6N,Y,6,TOTAL,TOTAL,0,0,66
142,3/27/23,2,1109,1:23:23,83.38333333,6N,Y,6,CTST,Ctenochaetus striatus,6,9,291
143,3/27/23,2,1109,1:23:23,83.38333333,6N,Y,6,ZESC,Zebrasoma scopas,22,16,219
144,3/27/23,2,1109,1:23:23,83.38333333,6N,Y,6,CHCI,Chaetodon citrinellus,0,0,33
145,3/27/23,2,1109,1:23:23,83.38333333,6N,Y,6,TOTAL,TOTAL,28,25,543
146,4/11/23,4,1105,1:22:34,82.56666667,7C,N,7,CTST,Ctenochaetus striatus,7,17,190
147,4/11/23,4,1105,1:22:34,82.56666667,7C,N,7,SCPS,Scarus psittacus,0,4,35
148,4/11/23,4,1105,1:22:34,82.56666667,7C,N,7,ACTR,Acanthurus triostegus,0,0,90
149,4/11/23,4,1105,1:22:34,82.56666667,7C,N,7,RHAC,Rhinecanthus aculeatus,0,0,1
150,4/11/23,4,1105,1:22:34,82.56666667,7C,N,7,TOTAL,TOTAL,7,21,316
151,3/14/23,0,1100,1:29:08,89.13333333,7C,N,7,ACBL,Acanthurus blochii,0,13,173
152,3/14/23,0,1100,1:29:08,89.13333333,7C,N,7,TOTAL,TOTAL,0,13,173
153,3/28/23,2,1111,1:26:40,86.66666667,7C,N,7,ACTR,Acanthurus triostegus,0,0,83
154,3/28/23,2,1111,1:26:40,86.66666667,7C,N,7,CTST,Ctenochaetus striatus,7,5,131
155,3/28/23,2,1111,1:26:40,86.66666667,7C,N,7,ACBL,Acanthurus blochii,0,0,16
156,3/28/23,2,1111,1:26:40,86.66666667,7C,N,7,TOTAL,TOTAL,7,5,230
157,4/11/23,4,1106,1:28:40,88.66666667,7N,Y,7,CTST,Ctenochaetus striatus,0,8,93
158,4/11/23,4,1106,1:28:40,88.66666667,7N,Y,7,ACTR,Acanthurus triostegus,0,0,20
159,4/11/23,4,1106,1:28:40,88.66666667,7N,Y,7,ACNI,Acanthurus nigrofuscus,0,0,3
160,4/11/23,4,1106,1:28:40,88.66666667,7N,Y,7,ACTR,Acanthurus triostegus,0,0,34
161,4/11/23,4,1106,1:28:40,88.66666667,7N,Y,7,TOTAL,TOTAL,0,8,150
162,3/14/23,0,1101,1:29:12,89.2,7N,Y,7,CHEP,Chaetodon ephippium,0,0,3
163,3/14/23,0,1101,1:29:12,89.2,7N,Y,7,CTST,Ctenochaetus striatus,0,0,54
164,3/14/23,0,1101,1:29:12,89.2,7N,Y,7,CHSP,Chlorurus spilurus,0,0,22
165,3/14/23,0,1101,1:29:12,89.2,7N,Y,7,ACTR,Acanthurus triostegus,0,0,3
166,3/14/23,0,1101,1:29:12,89.2,7N,Y,7,TOTAL,TOTAL,0,0,82
167,3/28/23,2,1112,1:27:50,87.83333333,7N,Y,7,CTST,Ctenochaetus striatus,3,15,373
168,3/28/23,2,1112,1:27:50,87.83333333,7N,Y,7,ACTR,Acanthurus triostegus,0,0,94
169,3/28/23,2,1112,1:27:50,87.83333333,7N,Y,7,CHCI,Chaetodon citrinellus,0,0,58
170,3/28/23,2,1112,1:27:50,87.83333333,7N,Y,7,TOTAL,TOTAL,3,15,525
171,4/11/23,4,1107,1:22:11,82.18333333,8C,N,8,CTST,Ctenochaetus striatus,2,2,47
172,4/11/23,4,1107,1:22:11,82.18333333,8C,N,8,ACTR,Acanthurus triostegus,11,6,161
173,4/11/23,4,1107,1:22:11,82.18333333,8C,N,8,ACBL,Acanthurus blochii,4,6,65
174,4/11/23,4,1107,1:22:11,82.18333333,8C,N,8,SCPS,Scarus psittacus,4,0,4
175,4/11/23,4,1107,1:22:11,82.18333333,8C,N,8,TOTAL,TOTAL,21,14,277
176,3/14/23,0,1103,1:27:23,87.38333333,8C,N,8,ACBL,Acanthurus blochii,0,2,166
177,3/14/23,0,1103,1:27:23,87.38333333,8C,N,8,CTST,Ctenochaetus striatus,0,0,11
178,3/14/23,0,1103,1:27:23,87.38333333,8C,N,8,CHSP,Chlorurus spilurus,0,0,1
179,3/14/23,0,1103,1:27:23,87.38333333,8C,N,8,TOTAL,TOTAL,0,2,178
180,3/28/23,2,1114,1:20:31,80.51666667,8C,N,8,CTST,Ctenochaetus striatus,6,5,64
181,3/28/23,2,1114,1:20:31,80.51666667,8C,N,8,ACBL,Acanthurus blochii,4,4,117
182,3/28/23,2,1114,1:20:31,80.51666667,8C,N,8,ACTR,Acanthurus triostegus,0,0,34
183,3/28/23,2,1114,1:20:31,80.51666667,8C,N,8,SCPS,Scarus psittacus,0,4,57
184,3/28/23,2,1114,1:20:31,80.51666667,8C,N,8,TOTAL,TOTAL,10,13,272
185,4/11/23,4,1106,1:25:34,85.56666667,8N,Y,8,CTST,Ctenochaetus striatus,3,4,85
186,4/11/23,4,1106,1:25:34,85.56666667,8N,Y,8,ACTR,Acanthurus triostegus,0,0,7
187,4/11/23,4,1106,1:25:34,85.56666667,8N,Y,8,ZESC,Zebrasoma scopas,0,0,24
188,4/11/23,4,1106,1:25:34,85.56666667,8N,Y,8,SCPS,Scarus psittacus,0,0,12
189,4/11/23,4,1106,1:25:34,85.56666667,8N,Y,8,CHSP,Chlorurus spilurus,0,2,0
190,4/11/23,4,1106,1:25:34,85.56666667,8N,Y,8,TOTAL,TOTAL,3,6,128
191,3/14/23,0,1102,1:24:27,84.45,8N,Y,8,BAUN,Balistapus undulatus,0,0,0
192,3/14/23,0,1102,1:24:27,84.45,8N,Y,8,TOTAL,TOTAL,0,0,0
193,3/28/23,2,1113,1:25:33,85.55,8N,Y,8,CHSP,Chlorurus spilurus,0,0,71
194,3/28/23,2,1113,1:25:33,85.55,8N,Y,8,CTST,Ctenochaetus striatus,4,1,174
195,3/28/23,2,1113,1:25:33,85.55,8N,Y,8,SCPS,Scarus psittacus,7,0,42
196,3/28/23,2,1113,1:25:33,85.55,8N,Y,8,CHCI,Chaetodon citrinellus,0,0,14
197,3/28/23,2,1113,1:25:33,85.55,8N,Y,8,ACTR,Acanthurus triostegus,0,0,5
198,3/28/23,2,1113,1:25:33,85.55,8N,Y,8,TOTAL,TOTAL,11,1,306
199,4/11/23,4,1109,1:20:41,80.68333333,9C,N,9,ZESC,Zebrasoma scopas,15,2,186
200,4/11/23,4,1109,1:20:41,80.68333333,9C,N,9,ACBL,Acanthurus blochii,0,2,31
201,4/11/23,4,1109,1:20:41,80.68333333,9C,N,9,CTST,Ctenochaetus striatus,0,1,56
202,4/11/23,4,1109,1:20:41,80.68333333,9C,N,9,ACTR,Acanthurus triostegus,0,0,5
203,4/11/23,4,1109,1:20:41,80.68333333,9C,N,9,TOTAL,TOTAL,15,5,278
204,3/14/23,0,1105,1:21:22,81.36666667,9C,N,9,CHLU,Chaetodon lunulatus,0,0,0
205,3/14/23,0,1105,1:21:22,81.36666667,9C,N,9,CTST,Ctenochaetus striatus,6,0,31
206,3/14/23,0,1105,1:21:22,81.36666667,9C,N,9,ACBL,Acanthurus blochii,1,0,148
207,3/14/23,0,1105,1:21:22,81.36666667,9C,N,9,CHSP,Chlorurus spilurus,0,0,3
208,3/14/23,0,1105,1:21:22,81.36666667,9C,N,9,TOTAL,TOTAL,7,0,182
209,3/28/23,2,1116,1:21:05,81.08333333,9C,N,9,SCPS,Scarus psittacus,5,5,50
210,3/28/23,2,1116,1:21:05,81.08333333,9C,N,9,CTST,Ctenochaetus striatus,0,2,31
211,3/28/23,2,1116,1:21:05,81.08333333,9C,N,9,ACTR,Acanthurus triostegus,0,0,12
212,3/28/23,2,1116,1:21:05,81.08333333,9C,N,9,ACBL,Acanthurus blochii,0,0,26
213,3/28/23,2,1116,1:21:05,81.08333333,9C,N,9,ZESC,Zebrasoma scopas,0,0,14
214,3/28/23,2,1116,1:21:05,81.08333333,9C,N,9,TOTAL,TOTAL,5,7,133
215,4/11/23,4,1108,1:26:13,86.21666667,9N,Y,9,SCPS,Scarus psittacus,2,0,37
216,4/11/23,4,1108,1:26:13,86.21666667,9N,Y,9,CTST,Ctenochaetus striatus,5,11,135
217,4/11/23,4,1108,1:26:13,86.21666667,9N,Y,9,ACBL,Acanthurus blochii,0,0,26
218,4/11/23,4,1108,1:26:13,86.21666667,9N,Y,9,ACTR,Acanthurus triostegus,0,0,117
219,4/11/23,4,1108,1:26:13,86.21666667,9N,Y,9,TOTAL,TOTAL,7,11,315
220,3/14/23,0,1104,1:22:05,82.08333333,9N,Y,9,CTST,Ctenochaetus striatus,1,0,143
221,3/14/23,0,1104,1:22:05,82.08333333,9N,Y,9,ACBL,Acanthurus blochii,6,0,310
222,3/14/23,0,1104,1:22:05,82.08333333,9N,Y,9,TOTAL,TOTAL,7,0,453
223,3/28/23,2,1115,1:22:57,82.95,9N,Y,9,ACBL,Acanthurus blochii,2,0,62
224,3/28/23,2,1115,1:22:57,82.95,9N,Y,9,ACTR,Acanthurus triostegus,0,0,20
225,3/28/23,2,1115,1:22:57,82.95,9N,Y,9,SCPS,Scarus psittacus,0,0,43
226,3/28/23,2,1115,1:22:57,82.95,9N,Y,9,CHSP,Chlorurus spilurus,0,0,10
227,3/28/23,2,1115,1:22:57,82.95,9N,Y,9,CTST,Ctenochaetus striatus,0,0,88
228,3/28/23,2,1115,1:22:57,82.95,9N,Y,9,TOTAL,TOTAL,2,0,223
229,4/12/23,4,1108,1:27:39,87.65,10C,N,10,SCPS,Scarus psittacus,13,0,136
230,4/12/23,4,1108,1:27:39,87.65,10C,N,10,CTST,Ctenochaetus striatus,1,0,22
231,4/12/23,4,1108,1:27:39,87.65,10C,N,10,ACTR,Acanthurus triostegus,0,6,39
232,4/12/23,4,1108,1:27:39,87.65,10C,N,10,ZESC,Zebrasoma scopas,0,0,5
233,4/12/23,4,1108,1:27:39,87.65,10C,N,10,ACBL,Acanthurus blochii,0,0,67
234,4/12/23,4,1108,1:27:39,87.65,10C,N,10,ACNI,Acanthurus nigrofuscus,0,0,27
235,4/12/23,4,1108,1:27:39,87.65,10C,N,10,TOTAL,TOTAL,14,6,296
236,3/16/23,0,1100,1:25:56,85.93333333,10C,N,10,SCPS,Scarus psittacus,0,0,1
237,3/16/23,0,1100,1:25:56,85.93333333,10C,N,10,CHCI,Chaetodon citrinellus,11,5,42
238,3/16/23,0,1100,1:25:56,85.93333333,10C,N,10,ACBL,Acanthurus blochii,0,14,144
239,3/16/23,0,1100,1:25:56,85.93333333,10C,N,10,ACTR,Acanthurus triostegus,0,0,17
240,3/16/23,0,1100,1:25:56,85.93333333,10C,N,10,TOTAL,TOTAL,11,19,204
241,3/29/23,2,1107,1:22:56,82.93333333,10C,N,10,ZESC,Zebrasoma scopas,56,46,110
242,3/29/23,2,1107,1:22:56,82.93333333,10C,N,10,ACBL,Acanthurus blochii,6,3,150
243,3/29/23,2,1107,1:22:56,82.93333333,10C,N,10,CTST,Ctenochaetus striatus,0,2,47
244,3/29/23,2,1107,1:22:56,82.93333333,10C,N,10,CHCI,Chaetodon citrinellus,0,2,3
245,3/29/23,2,1107,1:22:56,82.93333333,10C,N,10,SCPS,Scarus psittacus,0,0,6
246,3/29/23,2,1107,1:22:56,82.93333333,10C,N,10,ACNI,Acanthurus nigrofuscus,0,0,5
247,3/29/23,2,1107,1:22:56,82.93333333,10C,N,10,TOTAL,TOTAL,62,53,321
248,4/12/23,4,1108,1:18:56,78.93333333,10N,Y,10,CHSP,Chlorurus spilurus,4,3,24
249,4/12/23,4,1108,1:18:56,78.93333333,10N,Y,10,CTST,Ctenochaetus striatus,2,20,231
250,4/12/23,4,1108,1:18:56,78.93333333,10N,Y,10,ACTR,Acanthurus triostegus,3,3,318
251,4/12/23,4,1108,1:18:56,78.93333333,10N,Y,10,ZESC,Zebrasoma scopas,6,0,262
252,4/12/23,4,1108,1:18:56,78.93333333,10N,Y,10,SCPS,Scarus psittacus,0,0,133
253,4/12/23,4,1108,1:18:56,78.93333333,10N,Y,10,ACNI,Acanthurus nigrofuscus,0,0,54
254,4/12/23,4,1108,1:18:56,78.93333333,10N,Y,10,ACBL,Acanthurus blochii,0,0,27
255,4/12/23,4,1108,1:18:56,78.93333333,10N,Y,10,TOTAL,TOTAL,15,26,1049
256,3/15/23,0,1107,1:22:39,82.65,10N,Y,10,SCPS,Scarus psittacus,0,0,162
257,3/15/23,0,1107,1:22:39,82.65,10N,Y,10,ACBL,Acanthurus blochii,0,0,9
258,3/15/23,0,1107,1:22:39,82.65,10N,Y,10,CTST,Ctenochaetus striatus,0,0,23
259,3/15/23,0,1107,1:22:39,82.65,10N,Y,10,TOTAL,TOTAL,0,0,194
260,3/29/23,2,1107,1:19:22,79.36666667,10N,Y,10,SCPS,Scarus psittacus,16,5,239
261,3/29/23,2,1107,1:19:22,79.36666667,10N,Y,10,ZESC,Zebrasoma scopas,10,0,87
262,3/29/23,2,1107,1:19:22,79.36666667,10N,Y,10,CTST,Ctenochaetus striatus,7,7,180
263,3/29/23,2,1107,1:19:22,79.36666667,10N,Y,10,ACTR,Acanthurus triostegus,0,0,10
264,3/29/23,2,1107,1:19:22,79.36666667,10N,Y,10,ACBL,Acanthurus blochii,0,0,78
265,3/29/23,2,1107,1:19:22,79.36666667,10N,Y,10,CHCI,Chaetodon citrinellus,0,0,23
266,3/29/23,2,1107,1:19:22,79.36666667,10N,Y,10,TOTAL,TOTAL,33,12,617
267,4/12/23,4,1109,1:25:30,85.5,11C,N,11,ZESC,Zebrasoma scopas,30,0,352
268,4/12/23,4,1109,1:25:30,85.5,11C,N,11,CTST,Ctenochaetus striatus,3,1,72
269,4/12/23,4,1109,1:25:30,85.5,11C,N,11,SCPS,Scarus psittacus,2,3,51
270,4/12/23,4,1109,1:25:30,85.5,11C,N,11,ACNI,Acanthurus nigrofuscus,0,0,22
271,4/12/23,4,1109,1:25:30,85.5,11C,N,11,CHSP,Chlorurus spilurus,0,0,21
272,4/12/23,4,1109,1:25:30,85.5,11C,N,11,TOTAL,TOTAL,35,4,518
273,3/15/23,0,1109,1:22:01,82.01666667,11C,N,11,CTST,Ctenochaetus striatus,0,2,132
274,3/15/23,0,1109,1:22:01,82.01666667,11C,N,11,ZESC,Zebrasoma scopas,0,0,9
275,3/15/23,0,1109,1:22:01,82.01666667,11C,N,11,TOTAL,TOTAL,0,0,141
276,3/29/23,2,1108,1:26:05,86.08333333,11C,N,11,ZESC,Zebrasoma scopas,8,14,171
277,3/29/23,2,1108,1:26:05,86.08333333,11C,N,11,CTST,Ctenochaetus striatus,9,6,348
278,3/29/23,2,1108,1:26:05,86.08333333,11C,N,11,CHSP,Chlorurus spilurus,2,0,5
279,3/29/23,2,1108,1:26:05,86.08333333,11C,N,11,ACNI,Acanthurus nigrofuscus,0,0,3
280,3/29/23,2,1108,1:26:05,86.08333333,11C,N,11,TOTAL,TOTAL,19,20,527
281,4/12/23,4,1110,1:26:08,86.13333333,11N,Y,11,CHOR,Chaetodon ornatissimus,0,0,0
282,4/12/23,4,1110,1:26:08,86.13333333,11N,Y,11,SCPS,Scarus psittacus,5,9,176
283,4/12/23,4,1110,1:26:08,86.13333333,11N,Y,11,CTST,Ctenochaetus striatus,0,2,68
284,4/12/23,4,1110,1:26:08,86.13333333,11N,Y,11,ACTR,Acanthurus triostegus,0,0,94
285,4/12/23,4,1110,1:26:08,86.13333333,11N,Y,11,CHCI,Chaetodon citrinellus,0,0,15
286,4/12/23,4,1110,1:26:08,86.13333333,11N,Y,11,ZESC,Zebrasoma scopas,0,0,9
287,4/12/23,4,1110,1:26:08,86.13333333,11N,Y,11,TOTAL,TOTAL,5,11,362
288,3/15/23,0,1110,1:27:32,87.53333333,11N,Y,11,CHLU,Chaetodon lunulatus,0,0,0
289,3/15/23,0,1110,1:27:32,87.53333333,11N,Y,11,CTST,Ctenochaetus striatus,0,4,116
290,3/15/23,0,1110,1:27:32,87.53333333,11N,Y,11,TOTAL,TOTAL,0,4,116
291,3/29/23,2,1109,1:23:56,83.93333333,11N,Y,11,SCPS,Scarus psittacus,6,15,109
292,3/29/23,2,1109,1:23:56,83.93333333,11N,Y,11,ZESC,Zebrasoma scopas,9,11,92
293,3/29/23,2,1109,1:23:56,83.93333333,11N,Y,11,CHSP,Chlorurus spilurus,1,2,12
294,3/29/23,2,1109,1:23:56,83.93333333,11N,Y,11,CTST,Ctenochaetus striatus,0,2,183
295,3/29/23,2,1109,1:23:56,83.93333333,11N,Y,11,CHCI,Chaetodon citrinellus,0,0,40
296,3/29/23,2,1109,1:23:56,83.93333333,11N,Y,11,ACTR,Acanthurus triostegus,0,0,17
297,3/29/23,2,1109,1:23:56,83.93333333,11N,Y,11,TOTAL,TOTAL,16,30,453
298,4/12/23,4,1112,1:22:52,82.86666667,12C,N,12,RHAC,Rhinecanthus aculeatus,0,0,1
299,4/12/23,4,1112,1:22:52,82.86666667,12C,N,12,CTST,Ctenochaetus striatus,0,0,28
300,4/12/23,4,1112,1:22:52,82.86666667,12C,N,12,ACTR,Acanthurus triostegus,0,0,69
301,4/12/23,4,1112,1:22:52,82.86666667,12C,N,12,SCPS,Scarus psittacus,0,0,1
302,4/12/23,4,1112,1:22:52,82.86666667,12C,N,12,TOTAL,TOTAL,0,0,99
303,3/15/23,0,1112,1:24:26,84.43333333,12C,N,12,CTST,Ctenochaetus striatus,0,0,6
304,3/15/23,0,1112,1:24:26,84.43333333,12C,N,12,TOTAL,TOTAL,0,0,6
305,3/29/23,2,1111,1:23:46,83.76666667,12C,N,12,CTST,Ctenochaetus striatus,0,5,95
306,3/29/23,2,1111,1:23:46,83.76666667,12C,N,12,ACTR,Acanthurus triostegus,0,0,17
307,3/29/23,2,1111,1:23:46,83.76666667,12C,N,12,TOTAL,TOTAL,0,5,112
308,4/12/23,4,1111,1:23:34,83.56666667,12N,Y,12,ACTR,Acanthurus triostegus,19,6,647
309,4/12/23,4,1111,1:23:34,83.56666667,12N,Y,12,CTST,Ctenochaetus striatus,3,0,93
310,4/12/23,4,1111,1:23:34,83.56666667,12N,Y,12,SCPS,Scarus psittacus,0,0,7
311,4/12/23,4,1111,1:23:34,83.56666667,12N,Y,12,TOTAL,TOTAL,22,6,747
312,3/15/23,0,1111,1:27:23,87.38333333,12N,Y,12,CTST,Ctenochaetus striatus,0,2,70
313,3/15/23,0,1111,1:27:23,87.38333333,12N,Y,12,TOTAL,TOTAL,0,2,70
314,3/29/23,2,1110,1:23:09,83.15,12N,Y,12,CHLU,Chaetodon lunulatus,0,0,0
315,3/29/23,2,1110,1:23:09,83.15,12N,Y,12,ACTR,Acanthurus triostegus,50,14,451
316,3/29/23,2,1110,1:23:09,83.15,12N,Y,12,CTST,Ctenochaetus striatus,8,9,199
317,3/29/23,2,1110,1:23:09,83.15,12N,Y,12,SCPS,Scarus psittacus,0,0,6
318,3/29/23,2,1110,1:23:09,83.15,12N,Y,12,TOTAL,TOTAL,58,23,656